Temperature,Stress,Ni,Al,Co,Cr,Mo,Re,Ru,Ti,Ta,W,Hf,Nb,Si,C,Y,Ce,B,creep_life
1100,137,58.9,5.9,11.8,3,2,4.9,1.6,0,5.9,5.9,0.1,0,0,0,0,0,0,148
1100,137,64.3,6,6,3,2,5,2,0,5.6,6,0.1,0,0,0,0,0,0,416
1100,137,59.9,6,12,3,2,5,0,0,6,6,0.1,0,0,0,0,0,0,210
1100,137,64.9,6,6,3,3,5,0,0,6,6,0.1,0,0,0,0,0,0,275
1100,137,59.2,5.8,5.8,2.9,3.9,4.9,6,0,5.6,5.8,0.1,0,0,0,0,0,0,1070
1100,120,62,6,9,3.5,1.5,4,0,0,8,6,0,0,0,0,0,0,0,910
1100,137,62,6,9,3.5,1.5,4,0,0,8,6,0,0,0,0,0,0,0,200
1100,150,62,6,9,3.5,1.5,4,0,0,8,6,0,0,0,0,0,0,0,122
1100,174,62,6,9,3.5,1.5,4,0,0,8,6,0,0,0,0,0,0,0,82
1100,150,71.9,6,0,3,1,4,0,0,8,6,0.1,0,0,0,0,0,0,105.5
1100,150,68.9,6,3,3,1,4,0,0,8,6,0.1,0,0,0,0,0,0,109.8
1100,150,59.9,6,12,3,1,4,0,0,8,6,0.1,0,0,0,0,0,0,103.1
1010,248,75.9,6,0,3,1,0,0,0,8,6,0.1,0,0,0,0,0,0,11.5
1010,248,72.9,6,3,3,1,0,0,0,8,6,0.1,0,0,0,0,0,0,13.75
1010,248,63.9,6,12,3,1,0,0,0,8,6,0.1,0,0,0,0,0,0,18.1
982,248,75.9,6,0,3,1,0,0,0,8,6,0.1,0,0,0,0,0,0,40.3
982,248,72.9,6,3,3,1,0,0,0,8,6,0.1,0,0,0,0,0,0,50.5
982,248,63.9,6,12,3,1,0,0,0,8,6,0.1,0,0,0,0,0,0,52.15
850,586,75.9,6,0,3,1,0,0,0,8,6,0.1,0,0,0,0,0,0,15.2
850,586,72.9,6,3,3,1,0,0,0,8,6,0.1,0,0,0,0,0,0,25.05
850,586,63.9,6,12,3,1,0,0,0,8,6,0.1,0,0,0,0,0,0,52.8
850,586,71.9,6,0,3,1,4,0,0,8,6,0.1,0,0,0,0,0,0,229.4
850,586,68.9,6,3,3,1,4,0,0,8,6,0.1,0,0,0,0,0,0,275.1
850,586,59.9,6,12,3,1,4,0,0,8,6,0.1,0,0,0,0,0,0,283.9
1010,248,71.9,6,0,3,1,4,0,0,8,6,0.1,0,0,0,0,0,0,160.55
1010,248,68.9,6,3,3,1,4,0,0,8,6,0.1,0,0,0,0,0,0,164.55
1010,248,59.9,6,12,3,1,4,0,0,8,6,0.1,0,0,0,0,0,0,167.4
760,840,63.8,5.2,6.5,7.8,2,0,0,1.1,7.9,5.7,0,0,0,0,0,0,0,164.9
760,840,68,5.8,0,4,4,3,4,0,6,5,0.1,0,0.1,0,0,0,0,143
760,840,70.3,6,0,4,1,4,4,0.5,5,5,0.1,0,0.1,0,0,0,0,2029
760,840,69.65,5.78,1.75,2,0.4,6.5,0,0.24,8.2,5.4,0,0.08,0,0,0,0,0,202
760,840,57.1,6,12.5,4.5,1.1,5.35,0,0,7.5,5.75,0.15,0,0,0.05,0,0,0,70
1100,160,66.4,5.2,8.5,3.8,1.5,1.6,0,0,6,7,0,0,0,0,0,0,0,62
1100,200,66.4,5.2,8.5,3.8,1.5,1.6,0,0,6,7,0,0,0,0,0,0,0,16.8
1100,90,63.73,5.4,7.65,3.02,0,6.1,0,0,6.78,5.75,1.12,0.35,0,0.1,0,0,0,354
1038,138,63.73,5.4,7.65,3.02,0,6.1,0,0,6.78,5.75,1.12,0.35,0,0.1,0,0,0,424
1038,170,63.73,5.4,7.65,3.02,0,6.1,0,0,6.78,5.75,1.12,0.35,0,0.1,0,0,0,72
982,240,63.73,5.4,7.65,3.02,0,6.1,0,0,6.78,5.75,1.12,0.35,0,0.1,0,0,0,130
850,850,63.73,5.4,7.65,3.02,0,6.1,0,0,6.78,5.75,1.12,0.35,0,0.1,0,0,0,232
1100,90,60.86,5.5,7.62,3,0,6.08,3.2,0,6.45,5.74,1.11,0.34,0,0.1,0,0,0,655
1038,138,60.86,5.5,7.62,3,0,6.08,3.2,0,6.45,5.74,1.11,0.34,0,0.1,0,0,0,550
1038,170,60.86,5.5,7.62,3,0,6.08,3.2,0,6.45,5.74,1.11,0.34,0,0.1,0,0,0,219
982,240,60.86,5.5,7.62,3,0,6.08,3.2,0,6.45,5.74,1.11,0.34,0,0.1,0,0,0,266
850,850,60.86,5.5,7.62,3,0,6.08,3.2,0,6.45,5.74,1.11,0.34,0,0.1,0,0,0,517
1000,310,57,6,12,5,5,5,0,0,5,5,0,0,0,0,0,0,0,79
1000,310,54,6,12,5,5,5,3,0,5,5,0,0,0,0,0,0,0,120
1100,150,57,6,12,5,5,5,0,0,5,5,0,0,0,0,0,0,0,156
1100,150,54,6,12,5,5,5,3,0,5,5,0,0,0,0,0,0,0,209
1100,125,63.3,6,4.6,7,4.6,3,0,0,6.6,4.6,0.2,0,0,0.1,0,0,0,200
1100,115,63.3,6,4.6,7,4.6,3,0,0,6.6,4.6,0.2,0,0,0.1,0,0,0,392
1100,100,63.3,6,4.6,7,4.6,3,0,0,6.6,4.6,0.2,0,0,0.1,0,0,0,1090
1070,140,63.3,6,4.6,7,4.6,3,0,0,6.6,4.6,0.2,0,0,0.1,0,0,0,125
1070,120,63.3,6,4.6,7,4.6,3,0,0,6.6,4.6,0.2,0,0,0.1,0,0,0,437
1070,100,63.3,6,4.6,7,4.6,3,0,0,6.6,4.6,0.2,0,0,0.1,0,0,0,1375
1100,140,61.9,6,7.1,3.6,1,4.4,2.6,0,7.9,5.4,0.1,0,0,0,0,0,0,263.3
1100,140,60.8,6,6.9,3.5,2.4,4.1,2.7,0,8,5.5,0.1,0,0,0,0,0,0,243.9
1100,140,61.1,6,6.9,3.5,1,4,4,0,8,5.4,0.1,0,0,0,0,0,0,282.1
1100,140,53.8,6.1,15,3.5,1,4.2,2.7,0,8.1,5.5,0.1,0,0,0,0,0,0,180
1100,140,52.1,6.1,14.5,3.5,2.4,4,3.9,0,8,5.4,0.1,0,0,0,0,0,0,205.1
1100,140,59.6,6,6.9,6.5,1,4,2.6,0,7.9,5.4,0.1,0,0,0,0,0,0,124.6
1100,140,58.8,6,6.7,5.7,2.1,3.9,3.6,0,7.8,5.3,0.1,0,0,0,0,0,0,163
1100,140,62.99,6,8,4,2,3,0,0,7,7,0,0,0,0.01,0,0,0,117
1100,140,62.84,6,8,4,2,3,0,0,7,7,0.15,0,0,0.01,0,0,0,137
1100,140,62.59,6,8,4,2,3,0,0,7,7,0.4,0,0,0.01,0,0,0,152
1100,140,62.19,6,8,4,2,3,0,0,7,7,0.8,0,0,0.01,0,0,0,111
1150,100,61.698,5.6,9,6.5,0.6,3,0,1,6.5,6,0.1,0,0,0,0.002,0,0,188
1200,75,61.698,5.6,9,6.5,0.6,3,0,1,6.5,6,0.1,0,0,0,0.002,0,0,23
1288,4,61.698,5.6,9,6.5,0.6,3,0,1,6.5,6,0.1,0,0,0,0.002,0,0,49.3
1288,6,61.698,5.6,9,6.5,0.6,3,0,1,6.5,6,0.1,0,0,0,0.002,0,0,6.2
1200,80,63.8,5.2,6.5,7.8,2,0,0,1.1,7.9,5.7,0,0,0,0,0,0,0,10
1200,100,69.4,6,0,4,2,4,4,0.5,5,5,0.1,0,0,0,0,0,0,15
850,650,62.1,6.2,6.7,6.4,1.7,1.6,0,0.6,7.9,6.8,0,0,0,0,0,0,0,75
850,650,63.341,6.2,6.8,6.5,3,1.7,0,0.059,8,4.4,0,0,0,0,0,0,0,80
850,650,63.6,6.3,6.9,6.6,4.3,1.7,0,0.6,8,2,0,0,0,0,0,0,0,70
982,248,62.1,6.2,6.7,6.4,1.7,1.6,0,0.6,7.9,6.8,0,0,0,0,0,0,0,148
982,248,63.341,6.2,6.8,6.5,3,1.7,0,0.059,8,4.4,0,0,0,0,0,0,0,130
982,248,63.6,6.3,6.9,6.6,4.3,1.7,0,0.6,8,2,0,0,0,0,0,0,0,111
1040,145,62.1,6.2,6.7,6.4,1.7,1.6,0,0.6,7.9,6.8,0,0,0,0,0,0,0,350
1040,145,63.341,6.2,6.8,6.5,3,1.7,0,0.059,8,4.4,0,0,0,0,0,0,0,362
1040,145,63.6,6.3,6.9,6.6,4.3,1.7,0,0.6,8,2,0,0,0,0,0,0,0,448
1000,207,68.905,5.79,0,9.15,0.94,0,0,1.41,2.9,10.9,0,0,0,0.005,0,0,0,110.4
1000,148,68.905,5.79,0,9.15,0.94,0,0,1.41,2.9,10.9,0,0,0,0.005,0,0,0,790
925,310,68.905,5.79,0,9.15,0.94,0,0,1.41,2.9,10.9,0,0,0,0.005,0,0,0,129.6
925,207,68.905,5.79,0,9.15,0.94,0,0,1.41,2.9,10.9,0,0,0,0.005,0,0,0,1012
900,445,61.946,6,8,7,2,3,0,0,7,5,0,0,0,0.05,0,0,0.004,234.5
1100,100,61.946,6,8,7,2,3,0,0,7,5,0,0,0,0.05,0,0,0.004,395.7
1080,190,66.4,6,4,2,0.4,6.2,0,0,9,6,0,0,0,0,0,0,0,101
1080,190,65.8,6,4,2,0.4,6.8,0,0,9,6,0,0,0,0,0,0,0,119
1130,140,66.4,6,4,2,0.4,6.2,0,0,9,6,0,0,0,0,0,0,0,94
1130,140,65.8,6,4,2,0.4,6.8,0,0,9,6,0,0,0,0,0,0,0,130
1150,83,66.4,6,4,2,0.4,6.2,0,0,9,6,0,0,0,0,0,0,0,445
1150,83,65.8,6,4,2,0.4,6.8,0,0,9,6,0,0,0,0,0,0,0,626
980,250,62.72,5.6,7,3.5,2,4.5,0,0,7.5,6.5,0.1,0.5,0,0.08,0,0,0,544.1
1070,140,62.72,5.6,7,3.5,2,4.5,0,0,7.5,6.5,0.1,0.5,0,0.08,0,0,0,514
1100,140,62.72,5.6,7,3.5,2,4.5,0,0,7.5,6.5,0.1,0.5,0,0.08,0,0,0,226
1120,140,62.72,5.6,7,3.5,2,4.5,0,0,7.5,6.5,0.1,0.5,0,0.08,0,0,0,140
980,250,66.4,5.2,8.5,3.8,1.5,1.6,0,0,6,7,0,0,0,0,0,0,0,275
1100,140,66.4,5.2,8.5,3.8,1.5,1.6,0,0,6,7,0,0,0,0,0,0,0,132
980,250,60.2,5.2,10,5,2,3,0,1,8.5,5,0.1,0,0,0,0,0,0,197
980,250,61.65,6.2,8,7,2,3,0,0,7,5,0.15,0,0,0,0,0,0,228
980,250,59.3,5.6,10,5,2,3,0,0,9,6,0.1,0,0,0,0,0,0,218
1100,140,69.67,5.7,3,2,0.4,6,0,0.2,8,5,0.03,0,0,0,0,0,0,220
1100,140,59.9,6,12,3,2,5,0,0,6,6,0.1,0,0,0,0,0,0,224
1040,137,68.902,5.79,0,9.15,0.94,0,0,1.41,2.9,10.9,0,0,0,0.005,0,0,0.003,1000
1040,137,60.4,5.6,5,8,6,0,0,1,6,8,0,0,0,0,0,0,0,444
1040,137,61.7,5.6,9,6.5,0.6,3,0,1,6.5,6,0.1,0,0,0,0,0,0,610
1040,137,70.7,5.6,0,6.5,0.6,3,0,1,6.5,6,0.1,0,0,0,0,0,0,950
1040,137,61.9,5.6,5,10,0,0,0,1.5,12,4,0,0,0,0,0,0,0,370
1040,137,59.3,5.6,10,5,2,3,0,0,9,6,0.1,0,0,0,0,0,0,750
1050,140,67,6,6,8,2,0,0,2,4,5,0,0,0,0,0,0,0,282
1040,137,66.3,5.5,5,8,0,0,0,2.2,3,10,0,0,0,0,0,0,0,472
1040,137,64.5,5,5,8,2,0,0,1.5,6,8,0,0,0,0,0,0,0,896
1040,137,60.527,5.13,8.2,5.59,1.9,0,0,0,7.7,10.95,0,0,0,0.003,0,0,0,2000
1040,140,68.5,5.9,5,9.5,3.8,0,0,2.1,0,5.2,0,0,0,0,0,0,0,1000
1100,140,66.4,5.2,8.5,3.8,1.5,1.6,0,0,6,7,0,0,0,0,0,0,0,142
927,345,60.4,5.6,5,8,6,0,0,1,6,8,0,0,0,0,0,0,0,134.5
1095,117,60.4,5.6,5,8,6,0,0,1,6,8,0,0,0,0,0,0,0,293.1
1000,250,66.4,6,9,5,1.1,0,0,0,4,8.5,0,0,0,0,0,0,0,100
1100,123,66.4,6,9,5,1.1,0,0,0,4,8.5,0,0,0,0,0,0,0,100
1000,250,64.9,6,8.7,4.2,1,2,0,1.2,0,12,0,0,0,0,0,0,0,100
1100,137,64.9,6,8.7,4.2,1,2,0,1.2,0,12,0,0,0,0,0,0,0,100
980,248,60.4,5.6,5,8,6,0,0,1,6,8,0,0,0,0,0,0,0,28
980,248,69.67,5.7,3,2,0.4,6,0,0.2,8,5,0.03,0,0,0,0,0,0,600
980,248,61.7,5.6,9,6.5,0.6,3,0,1,6.5,6,0.1,0,0,0,0,0,0,130
1100,140,61.9,6,7.1,3.6,1,4.4,2.6,0,7.9,5.4,0.1,0,0,0,0,0,0,263.3
1100,140,53.8,6.1,15,3.5,1,4.2,2.7,0,8.1,5.5,0.1,0,0,0,0,0,0,180
1100,140,59.6,6,6.9,6.5,1,4,2.6,0,7.9,5.4,0.1,0,0,0,0,0,0,124.6
1100,140,61.1,6,6.9,3.5,1,4,4,0,8,5.4,0.1,0,0,0,0,0,0,243.9
1100,140,60.8,6,6.9,3.5,2.4,4.1,2.7,0,8,5.5,0.1,0,0,0,0,0,0,282
1100,140,51.3,6,14.4,6.2,2.2,3.9,2.6,0,8,5.3,0.1,0,0,0,0,0,0,39.6
1100,140,51.6,6,14.4,6.1,1,3.9,3.7,0,7.9,5.3,0.1,0,0,0,0,0,0,302.1
1100,140,52.1,6.1,14.5,3.5,2.4,4,3.9,0,8,5.4,0.1,0,0,0,0,0,0,205.1
1100,140,58.9,5.9,6.7,5.7,2.1,3.9,3.6,0,7.8,5.3,0.1,0,0,0,0,0,0,163
1100,140,46.4,6.1,14.8,7.1,2.5,4.5,4.8,0,7.9,5.7,0.2,0,0,0,0,0,0,4
950,400,61.9,6,7.1,3.6,1,4.4,2.6,0,7.9,5.4,0.1,0,0,0,0,0,0,217
950,400,53.8,6.1,15,3.5,1,4.2,2.7,0,8.1,5.5,0.1,0,0,0,0,0,0,237
950,400,52.1,6.1,14.5,3.5,2.4,4,3.9,0,8,5.4,0.1,0,0,0,0,0,0,328
1100,130,68.6,5.7,6.9,0,0,4.8,0,0,8.2,5.8,0,0,0,0,0,0,0,40
1100,130,66,5.8,7.2,2.9,0,4.6,0,0,7.9,5.6,0,0,0,0,0,0,0,135.8
1100,130,63.7,5.7,7,5.6,0,4.6,0,0,7.9,5.5,0,0,0,0,0,0,0,173.3
1100,130,63.7,5.9,7,0,0,4.6,5,0,8.1,5.7,0,0,0,0,0,0,0,68.1
1100,130,60,6.2,7.2,2.8,0,4.8,5,0,8.2,5.8,0,0,0,0,0,0,0,246.8
1100,130,58,6.1,7,5.5,0,4.7,5,0,8,5.7,0,0,0,0,0,0,0,167.2
760,800,68.45,6,3.9,4.15,6,0,0,0,7.5,4,0,0,0,0,0,0,0,354
980,200,66.45,6,3.9,4.15,6,0,0,0,7.5,6,0,0,0,0,0,0,0,101
780,800,68.45,6,3.9,4.15,6,0,0,0,7.5,4,0,0,0,0,0,0,0,138
800,800,68.45,6,3.9,4.15,6,0,0,0,7.5,4,0,0,0,0,0,0,0,79
800,760,68.45,6,3.9,4.15,6,0,0,0,7.5,4,0,0,0,0,0,0,0,280
800,780,68.45,6,3.9,4.15,6,0,0,0,7.5,4,0,0,0,0,0,0,0,165
800,800,68.45,6,3.9,4.15,6,0,0,0,7.5,4,0,0,0,0,0,0,0,79
1040,137,68.45,6,3.9,4.15,6,0,0,0,7.5,4,0,0,0,0,0,0,0,556
1070,137,68.45,6,3.9,4.15,6,0,0,0,7.5,4,0,0,0,0,0,0,0,239
1080,137,68.45,6,3.9,4.15,6,0,0,0,7.5,4,0,0,0,0,0,0,0,165
1070,147,68.45,6,3.9,4.15,6,0,0,0,7.5,4,0,0,0,0,0,0,0,180
1070,160,68.45,6,3.9,4.15,6,0,0,0,7.5,4,0,0,0,0,0,0,0,110
1010,200,68.45,6,3.9,4.15,6,0,0,0,7.5,4,0,0,0,0,0,0,0,74
1000,200,68.45,6,3.9,4.15,6,0,0,0,7.5,4,0,0,0,0,0,0,0,111
980,200,68.45,6,3.9,4.15,6,0,0,0,7.5,4,0,0,0,0,0,0,0,183
980,220,68.45,6,3.9,4.15,6,0,0,0,7.5,4,0,0,0,0,0,0,0,105
980,240,68.45,6,3.9,4.15,6,0,0,0,7.5,4,0,0,0,0,0,0,0,59
800,760,66.45,6,3.9,4.15,6,0,0,0,7.5,6,0,0,0,0,0,0,0,165
800,800,64.29,5.98,5.97,5.82,6.25,0,0,0,7.62,4.07,0,0,0,0,0,0,0,79
800,800,60.76,5.99,5.89,5.8,6.07,0,1.98,0,7.55,5.96,0,0,0,0,0,0,0,85
1100,137,64.29,5.98,5.97,5.82,6.25,0,0,0,7.62,4.07,0,0,0,0,0,0,0,68
1100,137,60.76,5.99,5.89,5.8,6.07,0,1.98,0,7.55,5.96,0,0,0,0,0,0,0,125
760,800,64.45,6,3.9,4.15,6,0,2,0,7.5,6,0,0,0,0,0,0,0,358
780,800,64.45,6,3.9,4.15,6,0,2,0,7.5,6,0,0,0,0,0,0,0,149
800,800,64.45,6,3.9,4.15,6,0,2,0,7.5,6,0,0,0,0,0,0,0,85
1100,148,62.69,6,9,2.5,1.5,4,0,0.2,8,6,0.1,0,0,0.01,0,0,0,81.6
1000,207,68.902,5.79,0,9.15,0.94,0,0,1.41,2.9,10.9,0,0,0,0.005,0,0,0.003,110.4
1000,148,68.902,5.79,0,9.15,0.94,0,0,1.41,2.9,10.9,0,0,0,0.005,0,0,0.003,790
925,310,68.902,5.79,0,9.15,0.94,0,0,1.41,2.9,10.9,0,0,0,0.005,0,0,0.003,129.6
925,207,68.902,5.79,0,9.15,0.94,0,0,1.41,2.9,10.9,0,0,0,0.005,0,0,0.003,1012
1040,137,58.832,4.35,12.4,6.6,0.73,1.26,0,0,7.68,6.32,0.24,1.5,0,0.062,0,0,0.026,211.1
950,165,57.4135,6,10,7,0.7,3.2,0,1,7.8,6.6,0.25,0,0,0.03,0,0,0.0065,4430
950,200,57.4135,6,10,7,0.7,3.2,0,1,7.8,6.6,0.25,0,0,0.03,0,0,0.0065,2250
982,248,59,5.5,10,7,0,4,0,0,10.9,3.5,0.1,0,0,0,0,0,0,272.9
982,248,59.1,5.5,10,7,1,3.1,0,0,6.1,8.1,0.1,0,0,0,0,0,0,273.8
982,248,59.2,5.4,10,7,2.1,3,0,0,6.2,7,0.1,0,0,0,0,0,0,299.2
950,200,57.9135,5.8,10,6.8,0.7,3.2,0,0.9,7.8,6.6,0.25,0,0,0.03,0,0,0.0065,2467
950,250,57.9135,5.8,10,6.8,0.7,3.2,0,0.9,7.8,6.6,0.25,0,0,0.03,0,0,0.0065,895
982,248,59.2,5.6,10,5,2,3.1,0,0,9,6,0.1,0,0,0,0,0,0,406.8
982,248,59.3,5.6,10,5,2,3.1,0,0,10.9,4,0.1,0,0,0,0,0,0,319.6
982,248,59.5,5.5,10,7,2,3,0,0,6.9,6,0.1,0,0,0,0,0,0,271.5
1040,137,59.9,5.3,7.3,5.5,0,0,0,0,3.4,18.6,0,0,0,0,0,0,0,1707
1040,137,60.1,5.2,7.5,5.5,0,0,0,0,5.1,16.6,0,0,0,0,0,0,0,1751
982,248,60.3,5.5,10,6.8,1,5.1,0,0,7.4,3.8,0.1,0,0,0,0,0,0,276.7
1040,137,61.126,4.53,8.63,6.89,0.76,1.32,0,0,8.02,6.59,0.24,1.57,0,0.06,0.24,0,0.024,240.4
982,276,59.546,6.2,10,7,1.5,2,0,0,6.5,7,0.15,0,0,0.05,0.05,0,0.004,72.7
871,552,59.546,6.2,10,7,1.5,2,0,0,6.5,7,0.15,0,0,0.05,0.05,0,0.004,110
982,276,60.585,6.2,10,7,1.5,3,0,0,6.5,5,0.15,0,0,0.05,0.015,0,0,76.2
950,250,59.27,5.6,9.5,6.5,0.6,3,0,0.6,8.2,6.5,0.2,0,0,0.025,0,0,0.005,947
950,165,59.27,5.6,9.5,6.5,0.6,3,0,0.6,8.2,6.5,0.2,0,0,0.025,0,0,0.005,5040
950,200,59.27,5.6,9.5,6.5,0.6,3,0,0.6,8.2,6.5,0.2,0,0,0.025,0,0,0.005,2280
982,248,61.3,5.8,9.9,7.1,2,2.9,0,0,3.9,6.9,0.1,0,0,0,0.1,0,0,219.6
871,552,60.081,6.2,10,7,1.5,2.5,0,0,6.5,6,0.15,0,0,0.05,0.015,0,0.004,119.1
982,276,60.081,6.2,10,7,1.5,2.5,0,0,6.5,6,0.15,0,0,0.05,0.015,0,0.004,72.7
950,250,60.0695,5.6,9.5,6.5,0.6,3,0,0.6,7.5,6.4,0.2,0,0,0.025,0,0,0.0055,880
950,200,60.0695,5.6,9.5,6.5,0.6,3,0,0.6,7.5,6.4,0.2,0,0,0.025,0,0,0.0055,2388
950,165,60.0695,5.6,9.5,6.5,0.6,3,0,0.6,7.5,6.4,0.2,0,0,0.025,0,0,0.0055,6815
871,552,60.981,5.8,10,7,1.5,3,0,1.5,5,5,0.15,0,0,0.05,0.015,0,0.004,59.8
982,276,60.981,5.8,10,7,1.5,2,0,1.5,5,6,0.15,0,0,0.05,0.015,0,0.004,68.9
871,552,60.981,5.8,10,7,1.5,1,0,1.5,5,7,0.15,0,0,0.05,0.015,0,0.004,90.1
871,552,60.981,5.8,10,7,1.5,2,0,1.5,5,6,0.15,0,0,0.05,0.015,0,0.004,92.7
982,276,60.981,5.8,10,7,1.5,3,0,1.5,5,5,0.15,0,0,0.05,0.015,0,0.004,126.5
982,276,60.981,5.8,10,7,1.5,1,0,1.5,5,7,0.15,0,0,0.05,0.015,0,0.004,58.5
982,248,59.885,5,10,9,0,0,0,2,0,12,2,0,0,0.1,0,0,0.015,91
871,517,59.885,5,10,9,0,0,0,2,0,12,2,0,0,0.1,0,0,0.015,105
1093,138,59.885,5,10,9,0,0,0,2,0,12,2,0,0,0.1,0,0,0.015,30
1093,124,59.885,5,10,9,0,0,0,2,0,12,2,0,0,0.1,0,0,0.015,52
950,190,60.72,5.65,9.7,6.4,0.6,2.9,0,1,6.5,6.4,0.1,0,0,0.03,0,0,0,2438
950,165,60.67,5.7,9.5,6.5,0.6,3,0,0.6,6.7,6.5,0.2,0,0,0.025,0,0,0.005,5180
950,165,60.72,5.65,9.7,6.4,0.6,2.9,0,1,6.5,6.4,0.1,0,0,0.03,0,0,0,4760
950,250,60.72,5.65,9.7,6.4,0.6,2.9,0,1,6.5,6.4,0.1,0,0,0.03,0,0,0,1018
950,250,60.67,5.7,9.5,6.5,0.6,3,0,0.6,6.7,6.5,0.2,0,0,0.025,0,0,0.005,918
950,200,60.67,5.7,9.5,6.5,0.6,3,0,0.6,6.7,6.5,0.2,0,0,0.025,0,0,0.005,2203
982,248,62.5,5,5,10,0,0,0,1.5,12,4,0,0,0,0,0,0,0,33
871,517,62.5,5,5,10,0,0,0,1.5,12,4,0,0,0,0,0,0,0,40
871,379,62.447,4.2,7.5,9.7,1.5,0,0,3.5,4.8,6.1,0.2,0,0,0.05,0,0,0.003,69.2
982,179,62.447,4.2,7.5,9.7,1.5,0,0,3.5,4.8,6.1,0.2,0,0,0.05,0,0,0.003,65.6
760,621,62.447,4.2,7.5,9.7,1.5,0,0,3.5,4.8,6.1,0.2,0,0,0.05,0,0,0.003,184.4
982,248,63.2,5.5,10,7.5,2,2.9,0,0,3.9,4.9,0.1,0,0,0,0,0,0,164.7
982,276,61.281,6.5,10,5,1.5,2,0,0,7,6.5,0.15,0,0,0.05,0.015,0,0.004,91.9
982,276,61.281,6.5,10,5,1.5,3,0,0,7,5.5,0.15,0,0,0.05,0.015,0,0.004,94.7
871,552,61.281,6.5,10,5,1.5,2,0,0,7,6.5,0.15,0,0,0.05,0.015,0,0.004,97.1
871,552,61.281,6.5,10,5,1.5,3,0,0,7,5.5,0.15,0,0,0.05,0.015,0,0.004,74
1093,138,60.996,5.8,7.5,8,3,4.5,0,5,5,0,0.15,0,0,0.05,0,0,0.004,57.4
982,276,60.996,5.8,7.5,8,3,4.5,0,5,5,0,0.15,0,0,0.05,0,0,0.004,43.8
871,552,60.996,5.8,7.5,8,3,4.5,0,5,5,0,0.15,0,0,0.05,0,0,0.004,85.6
850,500,60.2,5.6,5,8,0.6,0,0,1,6,8,5.6,0,0,0,0,0,0,450
1100,120,60.2,5.6,5,8,0.6,0,0,1,6,8,5.6,0,0,0,0,0,0,166
950,240,60.2,5.6,5,8,0.6,0,0,1,6,8,5.6,0,0,0,0,0,0,380
1050,140,60.2,5.6,5,8,0.6,0,0,1,6,8,5.6,0,0,0,0,0,0,270
1040,137,64.123,4.74,4.51,7.2,0.8,1.38,0,0,8.38,6.89,0.25,1.64,0,0.061,0,0,0.026,275.3
982,179,62.6957,4.2,7.5,9.7,1.5,0,0,3.5,4.7,6,0.15,0,0,0.05,0,0,0.0043,50
871,379,62.6957,4.2,7.5,9.7,1.5,0,0,3.5,4.7,6,0.15,0,0,0.05,0,0,0.0043,133.8
760,621,62.6957,4.2,7.5,9.7,1.5,0,0,3.5,4.7,6,0.15,0,0,0.05,0,0,0.0043,92.5
982,179,62.9524,4.2,7.4,9.6,1.5,0,0,3.4,4.7,6,0.19,0,0,0.05,0,0,0.0076,98.1
760,621,62.9524,4.2,7.4,9.6,1.5,0,0,3.4,4.7,6,0.19,0,0,0.05,0,0,0.0076,92.4
871,379,62.9524,4.2,7.4,9.6,1.5,0,0,3.4,4.7,6,0.19,0,0,0.05,0,0,0.0076,54.1
871,552,61.781,6.5,10,5,1.5,4,0,0,7,4,0.15,0,0,0.05,0.015,0,0.004,113.1
982,276,61.781,6.5,10,5,1.5,4,0,0,7,4,0.15,0,0,0.05,0.015,0,0.004,119.8
1040,137,65.126,4.95,1.01,7.45,0.83,2.86,0,0,8.7,7.08,0.29,1.61,0,0.069,0,0,0.025,244.8
1040,137,64.956,5.17,1.01,9.79,0.84,1.46,0,0,8.88,6.63,0.29,0.87,0,0.075,0,0,0.029,220.3
1040,137,65.394,4.75,0.98,7.79,0.88,1.57,0,0,8.18,9.35,0.21,0.81,0,0.062,0,0,0.024,580.9
1040,137,65.083,5.18,1.01,7.27,0.83,1.43,0,0,11.83,7,0.28,0,0,0.061,0,0,0.026,328.3
982,276,62.646,5.75,7.5,8,0.5,3,0,1.5,5,5.9,0.15,0,0,0.05,0,0,0.004,44.5
1093,138,62.646,5.75,7.5,8,0.5,3,0,1.5,5,5.9,0.15,0,0,0.05,0,0,0.004,45.5
871,552,62.646,5.75,7.5,8,0.5,3,0,1.5,5,5.9,0.15,0,0,0.05,0,0,0.004,87
1040,137,65.605,4.85,2.31,7.36,0.82,1.41,0,0,8.57,7.05,0.26,1.68,0,0.06,0,0,0.025,298.7
1040,137,65.312,5.15,1.01,7.35,0.83,2.87,0,0,9.5,6.79,0.25,0.85,0,0.061,0,0,0.027,433.4
950,250,63.1235,5.5,8,6.1,0.5,2.7,0,0.5,7.2,6.2,0.15,0,0,0.022,0,0,0.0045,847
950,200,63.1235,5.5,8,6.1,0.5,2.7,0,0.5,7.2,6.2,0.15,0,0,0.022,0,0,0.0045,2138
950,165,63.1235,5.5,8,6.1,0.5,2.7,0,0.5,7.2,6.2,0.15,0,0,0.022,0,0,0.0045,6050
1040,137,65.449,5.2,0.99,11.73,0,1.49,0,0,7.42,5.59,0.25,1.77,0,0.08,0,0,0.031,205.5
1040,137,65.605,5.07,1.02,7.21,0.83,1.43,0,0,9.1,8.53,0.27,0.85,0,0.061,0,0,0.024,525.5
1040,137,65.607,5.07,1.01,7.4,0.83,1.44,0,0,10.31,7.11,0.28,0.85,0,0.067,0,0,0.026,388.9
1040,137,65.621,5.07,0.99,7.15,0.83,1.43,0,0,8.7,8.99,0.28,0.85,0,0.064,0,0,0.025,665.1
1040,137,65.624,5.07,1.01,7.27,0.83,1.43,0,0,9.5,8.07,0.26,0.85,0,0.061,0,0,0.025,509.9
1040,137,65.639,5.07,1,7.18,0.83,1.43,0,0,8.9,8.76,0.25,0.85,0,0.07,0,0,0.021,611.1
871,552,62.781,7,10,6,1.5,3,0,0,4,5.5,0.15,0,0,0.05,0.015,0,0.004,119.2
982,276,62.781,7,10,6,1.5,3,0,0,4,5.5,0.15,0,0,0.05,0.015,0,0.004,80.7
982,276,63.396,6.4,7.5,8,0,4.5,0,0,6,4,0.15,0,0,0.05,0,0,0.004,69.6
1093,138,63.396,6.4,7.5,8,0,4.5,0,0,6,4,0.15,0,0,0.05,0,0,0.004,46
1040,137,65.73,5.08,1,7.1,0.83,1.42,0,0,8.9,8.8,0.25,0.8,0,0.07,0,0,0.02,555.5
950,165,64.5235,5.3,7.8,5.8,0.5,2.5,0,0.4,7,6,0.15,0,0,0.022,0,0,0.0045,3690
950,200,64.5235,5.3,7.8,5.8,0.5,2.5,0,0.4,7,6,0.15,0,0,0.022,0,0,0.0045,1990
982,276,63.131,5.75,7.5,8,0,3,0,1.5,5,5.9,0.15,0,0,0.05,0.015,0,0.004,63.1
871,552,63.131,5.75,7.5,8,0,3,0,1.5,5,5.9,0.15,0,0,0.05,0.015,0,0.004,86.8
1093,138,63.131,5.75,7.5,8,0,3,0,1.5,5,5.9,0.15,0,0,0.05,0.015,0,0.004,90
1040,137,65.788,5.12,1.01,7.33,0.41,1.44,0,0,8.72,9,0.25,0.85,0,0.06,0,0,0.022,588.8
1040,137,65.964,5.1,0.89,5.75,0.82,2.83,0,0,8.61,8.89,0.22,0.84,0,0.061,0,0,0.025,508.9
1040,137,65.89,5.2,0.99,4.27,0.81,5.61,0,0,8.52,7.56,0.22,0.83,0,0.07,0,0,0.03,454.3
1040,137,66.162,4.96,1,7.54,0.83,1.44,0,0,8.77,7.21,0.28,1.71,0,0.066,0,0,0.032,333.5
1040,137,66.202,4.96,0.97,7.54,0.83,1.44,0,0,8.77,7.21,0.28,1.71,0,0.066,0,0,0.022,232.2
1040,137,66.103,5.12,0.99,4.23,0.81,4.27,0,0,8.52,8.8,0.24,0.83,0,0.061,0,0,0.026,460.6
1148,90,62.281,6,10,7,1.5,3,0,1,6,3,0.15,0,0,0.004,0.015,0,0.05,47.1
871,552,62.281,6,10,7,1.5,3,0,1,6,3,0.15,0,0,0.004,0.015,0,0.05,57.9
1093,138,62.281,6,10,7,1.5,3,0,1,6,3,0.15,0,0,0.004,0.015,0,0.05,42.8
982,276,62.281,6,10,7,1.5,3,0,1,6,3,0.15,0,0,0.004,0.015,0,0.05,63.7
1100,120,61.7,5.6,9,6.5,0.6,3,0,1,6.5,6,0.1,0,0,0,0,0,0,377
1150,90,61.7,5.6,9,6.5,0.6,3,0,1,6.5,6,0.1,0,0,0,0,0,0,435
850,500,61.7,5.6,9,6.5,0.6,3,0,1,6.5,6,0.1,0,0,0,0,0,0,917
1050,140,61.7,5.6,9,6.5,0.6,3,0,1,6.5,6,0.1,0,0,0,0,0,0,468
950,240,61.7,5.6,9,6.5,0.6,3,0,1,6.5,6,0.1,0,0,0,0,0,0,953
1040,137,66.06,5.28,1.01,7.36,0.84,2.89,0,0,8.78,6.56,0.26,0.86,0,0.071,0,0,0.029,436.5
1040,137,66.078,5.27,1.01,7.5,0.84,2.89,0,0,9.59,5.61,0.26,0.86,0,0.066,0,0,0.026,415.4
1040,137,66.023,5.4,0.98,6.5,0.77,1.29,0,0,9.23,8.62,0.21,0.89,0,0.065,0,0,0.022,550.3
1040,137,66.61,4.85,1.05,7.67,0.84,1.45,0,0,7.22,7.32,0.28,2.59,0,0.088,0,0,0.032,220.3
950,240,61,5.49,8,4.4,0,4.8,0,0,8.6,7.5,0.1,0.1,0,0,0.01,0,0,3468
1150,90,61,5.49,8,4.4,0,4.8,0,0,8.6,7.5,0.1,0.1,0,0,0.01,0,0,485
1050,140,61,5.49,8,4.4,0,4.8,0,0,8.6,7.5,0.1,0.1,0,0,0.01,0,0,1469
850,500,61,5.49,8,4.4,0,4.8,0,0,8.6,7.5,0.1,0.1,0,0,0.01,0,0,2568
1100,120,61,5.49,8,4.4,0,4.8,0,0,8.6,7.5,0.1,0.1,0,0,0.01,0,0,498
1040,137,66.405,5.2,1.02,7.29,0.84,1.45,0,0,8.79,7.8,0.25,0.86,0,0.069,0,0,0.026,430
1040,137,66.4,5.3,0,9.2,0,0,0,0,10.4,8.7,0,0,0,0,0,0,0,1827
1040,137,66.565,5.14,1,6.74,2.51,1.45,0,0,8.79,6.57,0.28,0.86,0,0.069,0,0,0.026,507.3
1040,137,66.959,4.78,0.55,7.58,0.84,1.45,0,1.17,6.43,9.01,0.25,0.86,0,0.088,0,0,0.033,220.5
871,552,64.046,5.75,7.5,8,0,6,0,1.5,5,2,0.15,0,0,0.05,0,0,0.004,54.2
982,276,64.046,5.75,7.5,8,0,6,0,1.5,5,2,0.15,0,0,0.05,0,0,0.004,103
1093,138,64.046,5.75,7.5,8,0,6,0,1.5,5,2,0.15,0,0,0.05,0,0,0.004,52.4
1050,140,61.6,6.2,8,7,2,3,0,0,7,5,0.2,0,0,0,0,0,0,416
950,240,61.6,6.2,8,7,2,3,0,0,7,5,0.2,0,0,0,0,0,0,837
1150,90,61.6,6.2,8,7,2,3,0,0,7,5,0.2,0,0,0,0,0,0,387
850,500,61.6,6.2,8,7,2,3,0,0,7,5,0.2,0,0,0,0,0,0,805
1100,120,61.6,6.2,8,7,2,3,0,0,7,5,0.2,0,0,0,0,0,0,319
1040,137,67.237,4.96,0,7.54,0.83,1.44,0,0,8.77,7.21,0.21,1.71,0,0.07,0,0,0.023,323.3
982,248,66.8,5.4,5,7.9,2,0,0,0,5.9,6.9,0.1,0,0,0,0,0,0,107.5
1148,90,65.081,6.2,7.5,5,1.5,3,0,0,6.5,5,0.15,0,0,0.004,0.015,0,0.05,46.3
982,276,63.081,6.2,7.5,7,1.5,3,0,0,6.5,5,0.15,0,0,0.004,0.015,0,0.05,80.4
1148,90,63.081,6.2,7.5,7,1.5,3,0,0,6.5,5,0.15,0,0,0.004,0.015,0,0.05,74.3
871,552,63.081,6.2,7.5,7,1.5,3,0,0,6.5,5,0.15,0,0,0.004,0.015,0,0.05,114.3
1093,138,63.081,6.2,7.5,7,1.5,3,0,0,6.5,5,0.15,0,0,0.004,0.015,0,0.05,98.4
982,276,65.081,6.2,7.5,5,1.5,3,0,0,6.5,5,0.15,0,0,0.004,0.015,0,0.05,48.7
982,276,63.546,5.75,7.5,8,0,4.5,0,1.5,5,4,0.15,0,0,0.05,0,0,0.004,67.1
1148,90,63.546,5.75,7.5,8,0,4.5,0,1.5,5,4,0.15,0,0,0.05,0,0,0.004,82.9
1093,138,63.546,5.75,7.5,8,0,4.5,0,1.5,5,4,0.15,0,0,0.05,0,0,0.004,70.1
871,552,63.546,5.75,7.5,8,0,4.5,0,1.5,5,4,0.15,0,0,0.05,0,0,0.004,66.7
1148,90,63.496,5.8,7.5,8,1.5,3,0,1.5,5,4,0.15,0,0,0.05,0,0,0.004,90.4
1093,138,63.496,5.8,7.5,8,1.5,3,0,1.5,5,4,0.15,0,0,0.05,0,0,0.004,184.5
982,276,63.896,6.4,7.5,8,0,6,0,0,6,2,0.15,0,0,0.05,0,0,0.004,64.7
1093,138,63.896,6.4,7.5,8,0,6,0,0,6,2,0.15,0,0,0.05,0,0,0.004,35.4
871,552,63.496,5.8,7.5,8,1.5,3,0,1.5,5,4,0.15,0,0,0.05,0,0,0.004,94.5
871,552,63.896,6.4,7.5,8,0,6,0,0,6,2,0.15,0,0,0.05,0,0,0.004,62.2
982,276,63.496,5.8,7.5,8,1.5,3,0,1.5,5,4,0.15,0,0,0.05,0,0,0.004,68.5
1040,137,67.499,5.03,1.2,7.22,0.83,1.44,0,0.38,8.72,6.93,0.21,0.43,0,0.078,0,0,0.033,610.1
1040,137,67.275,5.34,1.01,7.19,0.84,1.46,0,0,7.25,8.41,0.26,0.87,0,0.07,0,0,0.025,351.2
1040,137,67.453,5.21,1,6.15,4.21,1.46,0,0,7.25,6.09,0.21,0.87,0,0.061,0,0,0.036,477.5
1148,90,64.781,6,7.5,7,1.5,3,0,1,6,3,0.15,0,0,0.004,0.015,0,0.05,52.2
982,276,64.781,6,7.5,7,1.5,3,0,1,6,3,0.15,0,0,0.004,0.015,0,0.05,51.4
871,552,64.781,6,7.5,7,1.5,3,0,1,6,3,0.15,0,0,0.004,0.015,0,0.05,53.8
871,552,63.796,6,7.5,8,1.5,3,0,1,6,3,0.15,0,0,0.05,0,0,0.004,75.7
982,276,63.796,6,7.5,8,1.5,3,0,1,6,3,0.15,0,0,0.05,0,0,0.004,60.1
1148,90,63.796,6,7.5,8,1.5,3,0,1,6,3,0.15,0,0,0.05,0,0,0.004,66.4
1093,138,63.796,6,7.5,8,1.5,3,0,1,6,3,0.15,0,0,0.05,0,0,0.004,100.3
1093,138,64.396,6.4,7.5,8,3,4.5,0,0,6,0,0.15,0,0,0.05,0,0,0.004,44.1
982,276,64.396,6.4,7.5,8,3,4.5,0,0,6,0,0.15,0,0,0.05,0,0,0.004,161.8
871,552,64.396,6.4,7.5,8,3,4.5,0,0,6,0,0.15,0,0,0.05,0,0,0.004,101.9
1040,137,67.7,5.2,0,6.6,0,0,0,0,7.7,12.8,0,0,0,0,0,0,0,1920
1093,138,64.046,6.2,7.5,6,1.5,3,0,0,6.5,5,0.15,0,0,0.004,0.05,0,0.05,43.1
982,276,64.046,6.2,7.5,6,1.5,3,0,0,6.5,5,0.15,0,0,0.004,0.05,0,0.05,70.3
871,552,64.046,6.2,7.5,6,1.5,3,0,0,6.5,5,0.15,0,0,0.004,0.05,0,0.05,64.2
1148,90,64.046,6.2,7.5,6,1.5,3,0,0,6.5,5,0.15,0,0,0.004,0.05,0,0.05,96.9
1093,138,63.781,6.5,7.5,5,1.5,5.5,0,0,7,3,0.15,0,0,0.004,0.015,0,0.05,153.7
982,276,63.781,6.5,7.5,5,1.5,5.5,0,0,7,3,0.15,0,0,0.004,0.015,0,0.05,158.7
1148,90,63.781,6.5,7.5,5,1.5,5.5,0,0,7,3,0.15,0,0,0.004,0.015,0,0.05,220.1
871,552,63.781,6.5,7.5,5,1.5,5.5,0,0,7,3,0.15,0,0,0.004,0.015,0,0.05,257.2
1093,138,64.896,6.5,7.5,5,0.5,3,0,1,8,3,0.5,0,0,0.004,0.05,0,0.05,42.3
982,276,64.896,6.5,7.5,5,0.5,3,0,1,8,3,0.5,0,0,0.004,0.05,0,0.05,55.5
1148,90,64.896,6.5,7.5,5,0.5,3,0,1,8,3,0.5,0,0,0.004,0.05,0,0.05,55.5
871,448,64.53,4.15,5,10.6,0.92,0,0,3.68,4.42,6.5,0.2,0,0,0,0,0,0,502.3
871,448,64.53,4.15,5,10.6,0.92,0,0,3.68,4.42,6.5,0.2,0,0,0,0,0,0,89.2
982,220,64.53,4.15,5,10.6,0.92,0,0,3.68,4.42,6.5,0.2,0,0,0,0,0,0,276.7
982,220,64.53,4.15,5,10.6,0.92,0,0,3.68,4.42,6.5,0.2,0,0,0,0,0,0,114.5
1093,138,64.281,6.5,7.5,5,1.5,4.5,0,0.5,7,3,0.15,0,0,0.004,0.015,0,0.05,100.6
1148,90,64.281,6.5,7.5,5,1.5,4.5,0,0.5,7,3,0.15,0,0,0.004,0.015,0,0.05,246.3
871,552,64.281,6.5,7.5,5,1.5,4.5,0,0.5,7,3,0.15,0,0,0.004,0.015,0,0.05,147.4
982,276,64.281,6.5,7.5,5,1.5,4.5,0,0.5,7,3,0.15,0,0,0.004,0.015,0,0.05,115.5
1148,90,64.2945,6.5,7.5,8,1.5,3,0,0,6,3,0.15,0,0,0.05,0.0015,0,0.004,39.2
871,552,64.2945,6.5,7.5,8,1.5,3,0,0,6,3,0.15,0,0,0.05,0.0015,0,0.004,55.6
1093,138,64.2945,6.5,7.5,8,1.5,3,0,0,6,3,0.15,0,0,0.05,0.0015,0,0.004,31.6
982,276,64.2945,6.5,7.5,8,1.5,3,0,0,6,3,0.15,0,0,0.05,0.0015,0,0.004,53.5
315,448,64.73,4.15,5,10.6,0.92,0,0,3.68,4.42,6.5,0,0,0,0,0,0,0,277.1
760,759,64.73,4.15,5,10.6,0.92,0,0,3.68,4.42,6.5,0,0,0,0,0,0,0,697.6
982,220,64.73,4.15,5,10.6,0.92,0,0,3.68,4.42,6.5,0,0,0,0,0,0,0,304.6
982,220,64.73,4.15,5,10.6,0.92,0,0,3.68,4.42,6.5,0,0,0,0,0,0,0,173.5
871,448,64.73,4.15,5,10.6,0.92,0,0,3.68,4.42,6.5,0,0,0,0,0,0,0,339.8
982,276,65.146,5.9,7.5,8,3.65,3.1,0,1.5,5,0,0.15,0,0,0.05,0,0,0.004,56.3
871,552,65.146,5.9,7.5,8,3.65,3.1,0,1.5,5,0,0.15,0,0,0.05,0,0,0.004,56.3
1148,90,65.146,5.9,7.5,8,3.65,3.1,0,1.5,5,0,0.15,0,0,0.05,0,0,0.004,30
1093,138,65.146,5.9,7.5,8,3.65,3.1,0,1.5,5,0,0.15,0,0,0.05,0,0,0.004,55.2
1093,138,64.781,6.5,7.5,5,1.5,3,0,0.5,8,3,0.15,0,0,0.004,0.015,0,0.05,47.6
1148,90,64.781,6.5,7.5,5,1.5,3,0,0.5,8,3,0.15,0,0,0.004,0.015,0,0.05,121.4
982,276,64.781,6.5,7.5,5,1.5,3,0,0.5,8,3,0.15,0,0,0.004,0.015,0,0.05,83.6
871,552,64.781,6.5,7.5,5,1.5,3,0,0.5,8,3,0.15,0,0,0.004,0.015,0,0.05,103.9
760,759,67.96,4.4,2.52,10.1,0.92,0,0,3.18,4.42,6.5,0,0,0,0,0,0,0,368
871,448,67.96,4.4,2.52,10.1,0.92,0,0,3.18,4.42,6.5,0,0,0,0,0,0,0,240.5
982,220,67.96,4.4,2.52,10.1,0.92,0,0,3.18,4.42,6.5,0,0,0,0,0,0,0,224.8
1050,140,63.9,5.47,6.4,1.8,0,7.2,0,0,9.5,5.2,0.2,0.3,0,0,0.03,0,0,1648
1150,90,63.9,5.47,6.4,1.8,0,7.2,0,0,9.5,5.2,0.2,0.3,0,0,0.03,0,0,590
1100,120,63.9,5.47,6.4,1.8,0,7.2,0,0,9.5,5.2,0.2,0.3,0,0,0.03,0,0,583
950,240,63.9,5.47,6.4,1.8,0,7.2,0,0,9.5,5.2,0.2,0.3,0,0,0.03,0,0,3764
850,500,63.9,5.47,6.4,1.8,0,7.2,0,0,9.5,5.2,0.2,0.3,0,0,0.03,0,0,2721
1040,137,68.901,5.62,1.02,7.23,0.86,1.48,0,0,5.74,7.9,0.26,0.88,0,0.081,0,0,0.028,311.1
982,276,65.281,6.5,7.5,5,1.5,3,0,0.5,7.5,3,0.15,0,0,0.004,0.015,0,0.05,65.4
1093,138,65.281,6.5,7.5,5,1.5,3,0,0.5,7.5,3,0.15,0,0,0.004,0.015,0,0.05,64.8
1093,138,65.281,6.5,7.5,5,1.5,3.5,0,0.5,7,3,0.15,0,0,0.004,0.015,0,0.05,68
871,552,65.281,6.5,7.5,5,1.5,3,0,0.5,7.5,3,0.15,0,0,0.004,0.015,0,0.05,76.5
871,552,65.281,6.5,7.5,5,1.5,3.5,0,0.5,7,3,0.15,0,0,0.004,0.015,0,0.05,84.3
1148,90,65.281,6.5,7.5,5,1.5,3.5,0,0.5,7,3,0.15,0,0,0.004,0.015,0,0.05,113.3
1148,90,65.281,6.5,7.5,5,1.5,3,0,0.5,7.5,3,0.15,0,0,0.004,0.015,0,0.05,143.2
982,276,65.281,6.5,7.5,5,1.5,3.5,0,0.5,7,3,0.15,0,0,0.004,0.015,0,0.05,85.6
1040,137,70.5,5,5,10,0,0,0,1.5,4,4,0,0,0,0,0,0,0,440
850,500,64.9,5.78,4.8,3.8,0,5.8,0,0,7.5,6.8,0.1,0.5,0,0,0.02,0,0,2696
1100,120,64.9,5.78,4.8,3.8,0,5.8,0,0,7.5,6.8,0.1,0.5,0,0,0.02,0,0,572
950,240,64.9,5.78,4.8,3.8,0,5.8,0,0,7.5,6.8,0.1,0.5,0,0,0.02,0,0,3721
1050,140,64.9,5.78,4.8,3.8,0,5.8,0,0,7.5,6.8,0.1,0.5,0,0,0.02,0,0,1592
1150,90,64.9,5.78,4.8,3.8,0,5.8,0,0,7.5,6.8,0.1,0.5,0,0,0.02,0,0,593
1093,138,67.281,6,5,7,1.5,3,0,1,6,3,0.15,0,0,0.004,0.015,0,0.05,30.2
1148,90,67.281,6,5,7,1.5,3,0,1,6,3,0.15,0,0,0.004,0.015,0,0.05,53.5
982,276,67.281,6,5,7,1.5,3,0,1,6,3,0.15,0,0,0.004,0.015,0,0.05,49.1
871,552,67.281,6,5,7,1.5,3,0,1,6,3,0.15,0,0,0.004,0.015,0,0.05,35.1
1100,120,66.1,5.36,4.5,3,0,6,0,0,8.6,6,0.1,0.3,0,0,0.04,0,0,584
1150,90,66.1,5.36,4.5,3,0,6,0,0,8.6,6,0.1,0.3,0,0,0.04,0,0,623
1050,140,66.1,5.36,4.5,3,0,6,0,0,8.6,6,0.1,0.3,0,0,0.04,0,0,1752
850,500,66.1,5.36,4.5,3,0,6,0,0,8.6,6,0.1,0.3,0,0,0.04,0,0,3054
950,240,66.1,5.36,4.5,3,0,6,0,0,8.6,6,0.1,0.3,0,0,0.04,0,0,3825
950,240,67,5.18,4,2.4,0,6.5,0,0,9,5.5,0.1,0.3,0,0,0.02,0,0,3917
850,500,67,5.18,4,2.4,0,6.5,0,0,9,5.5,0.1,0.3,0,0,0.02,0,0,3243
1150,90,67,5.18,4,2.4,0,6.5,0,0,9,5.5,0.1,0.3,0,0,0.02,0,0,650
1100,120,67,5.18,4,2.4,0,6.5,0,0,9,5.5,0.1,0.3,0,0,0.02,0,0,592
1050,140,67,5.18,4,2.4,0,6.5,0,0,9,5.5,0.1,0.3,0,0,0.02,0,0,1803
1150,90,67.9,4.75,3.1,1.4,0,7.5,0,0,10,5,0.1,0.2,0,0,0.05,0,0,473
1100,120,67.9,4.75,3.1,1.4,0,7.5,0,0,10,5,0.1,0.2,0,0,0.05,0,0,487
850,500,67.9,4.75,3.1,1.4,0,7.5,0,0,10,5,0.1,0.2,0,0,0.05,0,0,2537
950,240,67.9,4.75,3.1,1.4,0,7.5,0,0,10,5,0.1,0.2,0,0,0.05,0,0,3427
1050,140,67.9,4.75,3.1,1.4,0,7.5,0,0,10,5,0.1,0.2,0,0,0.05,0,0,1423
871,552,71.946,5.8,0,7,2.5,2,0,1.5,5,4,0.15,0,0,0.05,0.05,0,0.004,96.5
982,276,71.946,5.8,0,7,2.5,2,0,1.5,5,4,0.15,0,0,0.05,0.05,0,0.004,51.6
1040,137,74.9,5.5,0,5,2,0,0,1.1,6.5,5,0,0,0,0,0,0,0,400
871,414,70.4,5.6,0,10.3,0,0,0,0,6.2,7.5,0,0,0,0,0,0,0,86.4
1037,124,70.4,5.6,0,10.3,0,0,0,0,6.2,7.5,0,0,0,0,0,0,0,344.6
1037,103,70.4,5.6,0,10.3,0,0,0,0,6.2,7.5,0,0,0,0,0,0,0,816.5
982,207,70.4,5.6,0,10.3,0,0,0,0,6.2,7.5,0,0,0,0,0,0,0,81.5
871,414,70.4,5.6,0,10.3,0,0,0,0,6.2,7.5,0,0,0,0,0,0,0,90.8
982,207,70.4,5.6,0,10.3,0,0,0,0,6.2,7.5,0,0,0,0,0,0,0,76.8
871,448,77.26,4.4,2.52,0.6,0.92,0,0,3.18,4.42,6.5,0.2,0,0,0,0,0,0,546.5
982,220,77.26,4.4,2.52,0.6,0.92,0,0,3.18,4.42,6.5,0.2,0,0,0,0,0,0,288.1
871,552,74.781,7.5,0,7,1.5,3,0,0,2,4,0.15,0,0,0.05,0.015,0,0.004,43.5
982,276,74.781,7.5,0,7,1.5,3,0,0,2,4,0.15,0,0,0.05,0.015,0,0.004,55.3
760,750,66.4435,5.65,4.6,7.6,0.5,0,0,1,6,8,0.0075,0.15,0.04,0.006,0,0,0.003,895
760,780,66.4435,5.65,4.6,7.6,0.5,0,0,1,6,8,0.0075,0.15,0.04,0.006,0,0,0.003,518
760,860,66.4435,5.65,4.6,7.6,0.5,0,0,1,6,8,0.0075,0.15,0.04,0.006,0,0,0.003,98
850,460,66.4435,5.65,4.6,7.6,0.5,0,0,1,6,8,0.0075,0.15,0.04,0.006,0,0,0.003,430
850,500,66.4435,5.65,4.6,7.6,0.5,0,0,1,6,8,0.0075,0.15,0.04,0.006,0,0,0.003,337
850,560,66.4435,5.65,4.6,7.6,0.5,0,0,1,6,8,0.0075,0.15,0.04,0.006,0,0,0.003,181
850,629,66.4435,5.65,4.6,7.6,0.5,0,0,1,6,8,0.0075,0.15,0.04,0.006,0,0,0.003,55
850,650,66.4435,5.65,4.6,7.6,0.5,0,0,1,6,8,0.0075,0.15,0.04,0.006,0,0,0.003,24
950,195,66.4435,5.65,4.6,7.6,0.5,0,0,1,6,8,0.0075,0.15,0.04,0.006,0,0,0.003,804
760,840,66.4435,5.65,4.6,7.6,0.5,0,0,1,6,8,0.0075,0.15,0.04,0.006,0,0,0.003,138
760,880,66.4435,5.65,4.6,7.6,0.5,0,0,1,6,8,0.0075,0.15,0.04,0.006,0,0,0.003,60
980,230,66.4435,5.65,4.6,7.6,0.5,0,0,1,6,8,0.0075,0.15,0.04,0.006,0,0,0.003,118
1000,216,66.4435,5.65,4.6,7.6,0.5,0,0,1,6,8,0.0075,0.15,0.04,0.006,0,0,0.003,108
700,981,67.885,5.85,5,9.5,4,0,0,2.05,0,5.5,0,0,0.2,0.01,0,0,0.005,108
700,932,67.885,5.85,5,9.5,4,0,0,2.05,0,5.5,0,0,0.2,0.01,0,0,0.005,584
700,883,67.885,5.85,5,9.5,4,0,0,2.05,0,5.5,0,0,0.2,0.01,0,0,0.005,788
760,804,67.885,5.85,5,9.5,4,0,0,2.05,0,5.5,0,0,0.2,0.01,0,0,0.005,175
760,785,67.885,5.85,5,9.5,4,0,0,2.05,0,5.5,0,0,0.2,0.01,0,0,0.005,324
760,745,67.885,5.85,5,9.5,4,0,0,2.05,0,5.5,0,0,0.2,0.01,0,0,0.005,395
760,724,67.885,5.85,5,9.5,4,0,0,2.05,0,5.5,0,0,0.2,0.01,0,0,0.005,574
800,647,67.885,5.85,5,9.5,4,0,0,2.05,0,5.5,0,0,0.2,0.01,0,0,0.005,221
800,569,67.885,5.85,5,9.5,4,0,0,2.05,0,5.5,0,0,0.2,0.01,0,0,0.005,539
800,530,67.885,5.85,5,9.5,4,0,0,2.05,0,5.5,0,0,0.2,0.01,0,0,0.005,980
850,510,67.885,5.85,5,9.5,4,0,0,2.05,0,5.5,0,0,0.2,0.01,0,0,0.005,125
850,490,67.885,5.85,5,9.5,4,0,0,2.05,0,5.5,0,0,0.2,0.01,0,0,0.005,151
900,363,67.885,5.85,5,9.5,4,0,0,2.05,0,5.5,0,0,0.2,0.01,0,0,0.005,109
900,294,67.885,5.85,5,9.5,4,0,0,2.05,0,5.5,0,0,0.2,0.01,0,0,0.005,314
900,324,67.885,5.85,5,9.5,4,0,0,2.05,0,5.5,0,0,0.2,0.01,0,0,0.005,222
900,245,67.885,5.85,5,9.5,4,0,0,2.05,0,5.5,0,0,0.2,0.01,0,0,0.005,900
950,206,67.885,5.85,5,9.5,4,0,0,2.05,0,5.5,0,0,0.2,0.01,0,0,0.005,688
950,245,67.885,5.85,5,9.5,4,0,0,2.05,0,5.5,0,0,0.2,0.01,0,0,0.005,196
950,294,67.885,5.85,5,9.5,4,0,0,2.05,0,5.5,0,0,0.2,0.01,0,0,0.005,52
980,221,67.885,5.85,5,9.5,4,0,0,2.05,0,5.5,0,0,0.2,0.01,0,0,0.005,138
1000,216,67.885,5.85,5,9.5,4,0,0,2.05,0,5.5,0,0,0.2,0.01,0,0,0.005,66
1000,196,67.885,5.85,5,9.5,4,0,0,2.05,0,5.5,0,0,0.2,0.01,0,0,0.005,164
1000,177,67.885,5.85,5,9.5,4,0,0,2.05,0,5.5,0,0,0.2,0.01,0,0,0.005,236
1000,157,67.885,5.85,5,9.5,4,0,0,2.05,0,5.5,0,0,0.2,0.01,0,0,0.005,612
1000,137,67.885,5.85,5,9.5,4,0,0,2.05,0,5.5,0,0,0.2,0.01,0,0,0.005,1518
1040,177,67.885,5.85,5,9.5,4,0,0,2.05,0,5.5,0,0,0.2,0.01,0,0,0.005,119
1040,167,67.885,5.85,5,9.5,4,0,0,2.05,0,5.5,0,0,0.2,0.01,0,0,0.005,190
1040,157,67.885,5.85,5,9.5,4,0,0,2.05,0,5.5,0,0,0.2,0.01,0,0,0.005,393
1093,98,67.885,5.85,5,9.5,4,0,0,2.05,0,5.5,0,0,0.2,0.01,0,0,0.005,392
760,804,67.885,5.85,5,9.5,4,0,0,2.05,0,5.5,0,0,0.2,0.01,0,0,0.005,247
850,425,67.885,5.85,5,9.5,4,0,0,2.05,0,5.5,0,0,0.2,0.01,0,0,0.005,463
850,441,67.885,5.85,5,9.5,4,0,0,2.05,0,5.5,0,0,0.2,0.01,0,0,0.005,372
850,510,67.885,5.85,5,9.5,4,0,0,2.05,0,5.5,0,0,0.2,0.01,0,0,0.005,162
980,221,67.885,5.85,5,9.5,4,0,0,2.05,0,5.5,0,0,0.2,0.01,0,0,0.005,182
982,207,67.885,5.85,5,9.5,4,0,0,2.05,0,5.5,0,0,0.2,0.01,0,0,0.005,327.6
1000,216,67.885,5.85,5,9.5,4,0,0,2.05,0,5.5,0,0,0.2,0.01,0,0,0.005,121.3
1030,196,67.885,5.85,5,9.5,4,0,0,2.05,0,5.5,0,0,0.2,0.01,0,0,0.005,80.1
1038,159,67.885,5.85,5,9.5,4,0,0,2.05,0,5.5,0,0,0.2,0.01,0,0,0.005,275
1040,117,67.885,5.85,5,9.5,4,0,0,2.05,0,5.5,0,0,0.2,0.01,0,0,0.005,96.37
760,724,67.885,5.85,5,9.5,4,0,0,2.05,0,5.5,0,0,0.2,0.01,0,0,0.005,539.8
800,656,67.885,5.85,5,9.5,4,0,0,2.05,0,5.5,0,0,0.2,0.01,0,0,0.005,668.5
900,258,67.885,5.85,5,9.5,4,0,0,2.05,0,5.5,0,0,0.2,0.01,0,0,0.005,1099.4
1000,196,67.885,5.85,5,9.5,4,0,0,2.05,0,5.5,0,0,0.2,0.01,0,0,0.005,180
1000,216,67.885,5.85,5,9.5,4,0,0,2.05,0,5.5,0,0,0.2,0.01,0,0,0.005,80
1000,177,67.885,5.85,5,9.5,4,0,0,2.05,0,5.5,0,0,0.2,0.01,0,0,0.005,521
760,839,62.915,3.7,7.5,9,1.7,0,0,4.3,4.15,6,0,0.525,0.2,0.01,0,0,0,139
800,652,62.915,3.7,7.5,9,1.7,0,0,4.3,4.15,6,0,0.525,0.2,0.01,0,0,0,203
800,713,62.915,3.7,7.5,9,1.7,0,0,4.3,4.15,6,0,0.525,0.2,0.01,0,0,0,79
850,539,62.915,3.7,7.5,9,1.7,0,0,4.3,4.15,6,0,0.525,0.2,0.01,0,0,0,110
850,553,62.915,3.7,7.5,9,1.7,0,0,4.3,4.15,6,0,0.525,0.2,0.01,0,0,0,92
900,405,62.915,3.7,7.5,9,1.7,0,0,4.3,4.15,6,0,0.525,0.2,0.01,0,0,0,120
950,305,62.915,3.7,7.5,9,1.7,0,0,4.3,4.15,6,0,0.525,0.2,0.01,0,0,0,81
980,240,62.915,3.7,7.5,9,1.7,0,0,4.3,4.15,6,0,0.525,0.2,0.01,0,0,0,128
1040,167,62.915,3.7,7.5,9,1.7,0,0,4.3,4.15,6,0,0.525,0.2,0.01,0,0,0,107
1040,147,62.915,3.7,7.5,9,1.7,0,0,4.3,4.15,6,0,0.525,0.2,0.01,0,0,0,197
1040,158,62.915,3.7,7.5,9,1.7,0,0,4.3,4.15,6,0,0.525,0.2,0.01,0,0,0,120
1040,167,62.915,3.7,7.5,9,1.7,0,0,4.3,4.15,6,0,0.525,0.2,0.01,0,0,0,92
980,227,62.915,3.7,7.5,9,1.7,0,0,4.3,4.15,6,0,0.525,0.2,0.01,0,0,0,171
980,231,62.915,3.7,7.5,9,1.7,0,0,4.3,4.15,6,0,0.525,0.2,0.01,0,0,0,128
980,231,62.915,3.7,7.5,9,1.7,0,0,4.3,4.15,6,0,0.525,0.2,0.01,0,0,0,148
980,239,62.915,3.7,7.5,9,1.7,0,0,4.3,4.15,6,0,0.525,0.2,0.01,0,0,0,128
980,240,62.915,3.7,7.5,9,1.7,0,0,4.3,4.15,6,0,0.525,0.2,0.01,0,0,0,128
760,839,62.915,3.7,7.5,9,1.7,0,0,4.3,4.15,6,0,0.525,0.2,0.01,0,0,0,138
760,839,62.915,3.7,7.5,9,1.7,0,0,4.3,4.15,6,0,0.525,0.2,0.01,0,0,0,151
650,980,60.519,5.7,9,4.3,2,2,0,0.1,7.25,8,0.01,0.9,0.2,0.001,0,0,0.02,102
650,1000,60.519,5.7,9,4.3,2,2,0,0.1,7.25,8,0.01,0.9,0.2,0.001,0,0,0.02,65
650,1030,60.519,5.7,9,4.3,2,2,0,0.1,7.25,8,0.01,0.9,0.2,0.001,0,0,0.02,64
650,1060,60.519,5.7,9,4.3,2,2,0,0.1,7.25,8,0.01,0.9,0.2,0.001,0,0,0.02,4
760,810,60.519,5.7,9,4.3,2,2,0,0.1,7.25,8,0.01,0.9,0.2,0.001,0,0,0.02,238
760,830,60.519,5.7,9,4.3,2,2,0,0.1,7.25,8,0.01,0.9,0.2,0.001,0,0,0.02,61
760,840,60.519,5.7,9,4.3,2,2,0,0.1,7.25,8,0.01,0.9,0.2,0.001,0,0,0.02,24
760,850,60.519,5.7,9,4.3,2,2,0,0.1,7.25,8,0.01,0.9,0.2,0.001,0,0,0.02,16
760,900,60.519,5.7,9,4.3,2,2,0,0.1,7.25,8,0.01,0.9,0.2,0.001,0,0,0.02,12
760,1000,60.519,5.7,9,4.3,2,2,0,0.1,7.25,8,0.01,0.9,0.2,0.001,0,0,0.02,2
850,630,60.519,5.7,9,4.3,2,2,0,0.1,7.25,8,0.01,0.9,0.2,0.001,0,0,0.02,162
850,660,60.519,5.7,9,4.3,2,2,0,0.1,7.25,8,0.01,0.9,0.2,0.001,0,0,0.02,127
850,680,60.519,5.7,9,4.3,2,2,0,0.1,7.25,8,0.01,0.9,0.2,0.001,0,0,0.02,69
850,700,60.519,5.7,9,4.3,2,2,0,0.1,7.25,8,0.01,0.9,0.2,0.001,0,0,0.02,20
850,900,60.519,5.7,9,4.3,2,2,0,0.1,7.25,8,0.01,0.9,0.2,0.001,0,0,0.02,11
850,1050,60.519,5.7,9,4.3,2,2,0,0.1,7.25,8,0.01,0.9,0.2,0.001,0,0,0.02,0.5
980,250,60.519,5.7,9,4.3,2,2,0,0.1,7.25,8,0.01,0.9,0.2,0.001,0,0,0.02,275
980,310,60.519,5.7,9,4.3,2,2,0,0.1,7.25,8,0.01,0.9,0.2,0.001,0,0,0.02,112
980,320,60.519,5.7,9,4.3,2,2,0,0.1,7.25,8,0.01,0.9,0.2,0.001,0,0,0.02,96
980,360,60.519,5.7,9,4.3,2,2,0,0.1,7.25,8,0.01,0.9,0.2,0.001,0,0,0.02,51
980,400,60.519,5.7,9,4.3,2,2,0,0.1,7.25,8,0.01,0.9,0.2,0.001,0,0,0.02,30
980,500,60.519,5.7,9,4.3,2,2,0,0.1,7.25,8,0.01,0.9,0.2,0.001,0,0,0.02,9
1070,160,60.519,5.7,9,4.3,2,2,0,0.1,7.25,8,0.01,0.9,0.2,0.001,0,0,0.02,175
1070,170,60.519,5.7,9,4.3,2,2,0,0.1,7.25,8,0.01,0.9,0.2,0.001,0,0,0.02,108
1070,180,60.519,5.7,9,4.3,2,2,0,0.1,7.25,8,0.01,0.9,0.2,0.001,0,0,0.02,94
1070,200,60.519,5.7,9,4.3,2,2,0,0.1,7.25,8,0.01,0.9,0.2,0.001,0,0,0.02,50
1070,250,60.519,5.7,9,4.3,2,2,0,0.1,7.25,8,0.01,0.9,0.2,0.001,0,0,0.02,19.2
1070,280,60.519,5.7,9,4.3,2,2,0,0.1,7.25,8,0.01,0.9,0.2,0.001,0,0,0.02,12.3
1100,140,60.519,5.7,9,4.3,2,2,0,0.1,7.25,8,0.01,0.9,0.2,0.001,0,0,0.02,146
1100,152,60.519,5.7,9,4.3,2,2,0,0.1,7.25,8,0.01,0.9,0.2,0.001,0,0,0.02,92
1100,170,60.519,5.7,9,4.3,2,2,0,0.1,7.25,8,0.01,0.9,0.2,0.001,0,0,0.02,48
1100,200,60.519,5.7,9,4.3,2,2,0,0.1,7.25,8,0.01,0.9,0.2,0.001,0,0,0.02,18
1100,225,60.519,5.7,9,4.3,2,2,0,0.1,7.25,8,0.01,0.9,0.2,0.001,0,0,0.02,10
1150,75,60.519,5.7,9,4.3,2,2,0,0.1,7.25,8,0.01,0.9,0.2,0.001,0,0,0.02,716
1150,82,60.519,5.7,9,4.3,2,2,0,0.1,7.25,8,0.01,0.9,0.2,0.001,0,0,0.02,385
1150,90,60.519,5.7,9,4.3,2,2,0,0.1,7.25,8,0.01,0.9,0.2,0.001,0,0,0.02,133
1150,104,60.519,5.7,9,4.3,2,2,0,0.1,7.25,8,0.01,0.9,0.2,0.001,0,0,0.02,116
1150,120,60.519,5.7,9,4.3,2,2,0,0.1,7.25,8,0.01,0.9,0.2,0.001,0,0,0.02,42
760,750,67.5425,5.95,5.5,8.05,2.25,0,0,2,3.5,5,0.0075,0.15,0.04,0.007,0,0,0.003,1196
760,780,67.5425,5.95,5.5,8.05,2.25,0,0,2,3.5,5,0.0075,0.15,0.04,0.007,0,0,0.003,667
760,800,67.5425,5.95,5.5,8.05,2.25,0,0,2,3.5,5,0.0075,0.15,0.04,0.007,0,0,0.003,148
760,850,67.5425,5.95,5.5,8.05,2.25,0,0,2,3.5,5,0.0075,0.15,0.04,0.007,0,0,0.003,74
760,900,67.5425,5.95,5.5,8.05,2.25,0,0,2,3.5,5,0.0075,0.15,0.04,0.007,0,0,0.003,27
850,400,67.5425,5.95,5.5,8.05,2.25,0,0,2,3.5,5,0.0075,0.15,0.04,0.007,0,0,0.003,1410
850,460,67.5425,5.95,5.5,8.05,2.25,0,0,2,3.5,5,0.0075,0.15,0.04,0.007,0,0,0.003,426
850,500,67.5425,5.95,5.5,8.05,2.25,0,0,2,3.5,5,0.0075,0.15,0.04,0.007,0,0,0.003,401
850,600,67.5425,5.95,5.5,8.05,2.25,0,0,2,3.5,5,0.0075,0.15,0.04,0.007,0,0,0.003,117
850,620,67.5425,5.95,5.5,8.05,2.25,0,0,2,3.5,5,0.0075,0.15,0.04,0.007,0,0,0.003,78
890,296,67.5425,5.95,5.5,8.05,2.25,0,0,2,3.5,5,0.0075,0.15,0.04,0.007,0,0,0.003,982
950,180,67.5425,5.95,5.5,8.05,2.25,0,0,2,3.5,5,0.0075,0.15,0.04,0.007,0,0,0.003,977
950,200,67.5425,5.95,5.5,8.05,2.25,0,0,2,3.5,5,0.0075,0.15,0.04,0.007,0,0,0.003,758
950,220,67.5425,5.95,5.5,8.05,2.25,0,0,2,3.5,5,0.0075,0.15,0.04,0.007,0,0,0.003,455
950,240,67.5425,5.95,5.5,8.05,2.25,0,0,2,3.5,5,0.0075,0.15,0.04,0.007,0,0,0.003,399
950,300,67.5425,5.95,5.5,8.05,2.25,0,0,2,3.5,5,0.0075,0.15,0.04,0.007,0,0,0.003,128
950,320,67.5425,5.95,5.5,8.05,2.25,0,0,2,3.5,5,0.0075,0.15,0.04,0.007,0,0,0.003,97
980,260,67.5425,5.95,5.5,8.05,2.25,0,0,2,3.5,5,0.0075,0.15,0.04,0.007,0,0,0.003,58
1000,219,67.5425,5.95,5.5,8.05,2.25,0,0,2,3.5,5,0.0075,0.15,0.04,0.007,0,0,0.003,46
1050,100,67.5425,5.95,5.5,8.05,2.25,0,0,2,3.5,5,0.0075,0.15,0.04,0.007,0,0,0.003,1032
1050,115,67.5425,5.95,5.5,8.05,2.25,0,0,2,3.5,5,0.0075,0.15,0.04,0.007,0,0,0.003,852
1050,120,67.5425,5.95,5.5,8.05,2.25,0,0,2,3.5,5,0.0075,0.15,0.04,0.007,0,0,0.003,615
1050,140,67.5425,5.95,5.5,8.05,2.25,0,0,2,3.5,5,0.0075,0.15,0.04,0.007,0,0,0.003,283
1050,165,67.5425,5.95,5.5,8.05,2.25,0,0,2,3.5,5,0.0075,0.15,0.04,0.007,0,0,0.003,86
1050,200,67.5425,5.95,5.5,8.05,2.25,0,0,2,3.5,5,0.0075,0.15,0.04,0.007,0,0,0.003,10
1100,100,67.5425,5.95,5.5,8.05,2.25,0,0,2,3.5,5,0.0075,0.15,0.04,0.007,0,0,0.003,613
1100,120,67.5425,5.95,5.5,8.05,2.25,0,0,2,3.5,5,0.0075,0.15,0.04,0.007,0,0,0.003,148
1100,130,67.5425,5.95,5.5,8.05,2.25,0,0,2,3.5,5,0.0075,0.15,0.04,0.007,0,0,0.003,98
650,1009,60.765,3.7,8.5,16,0,0,0,3.9,0.95,6,0,0,0.15,0.03,0,0,0.005,232
650,980,60.765,3.7,8.5,16,0,0,0,3.9,0.95,6,0,0,0.15,0.03,0,0,0.005,448
700,931,60.765,3.7,8.5,16,0,0,0,3.9,0.95,6,0,0,0.15,0.03,0,0,0.005,135
700,911,60.765,3.7,8.5,16,0,0,0,3.9,0.95,6,0,0,0.15,0.03,0,0,0.005,295
700,882,60.765,3.7,8.5,16,0,0,0,3.9,0.95,6,0,0,0.15,0.03,0,0,0.005,212
750,774,60.765,3.7,8.5,16,0,0,0,3.9,0.95,6,0,0,0.15,0.03,0,0,0.005,173
750,755,60.765,3.7,8.5,16,0,0,0,3.9,0.95,6,0,0,0.15,0.03,0,0,0.005,211
750,725,60.765,3.7,8.5,16,0,0,0,3.9,0.95,6,0,0,0.15,0.03,0,0,0.005,443
750,666,60.765,3.7,8.5,16,0,0,0,3.9,0.95,6,0,0,0.15,0.03,0,0,0.005,954
800,647,60.765,3.7,8.5,16,0,0,0,3.9,0.95,6,0,0,0.15,0.03,0,0,0.005,116
800,588,60.765,3.7,8.5,16,0,0,0,3.9,0.95,6,0,0,0.15,0.03,0,0,0.005,398
800,529,60.765,3.7,8.5,16,0,0,0,3.9,0.95,6,0,0,0.15,0.03,0,0,0.005,424
850,519,60.765,3.7,8.5,16,0,0,0,3.9,0.95,6,0,0,0.15,0.03,0,0,0.005,79
850,470,60.765,3.7,8.5,16,0,0,0,3.9,0.95,6,0,0,0.15,0.03,0,0,0.005,158
850,441,60.765,3.7,8.5,16,0,0,0,3.9,0.95,6,0,0,0.15,0.03,0,0,0.005,210
900,363,60.765,3.7,8.5,16,0,0,0,3.9,0.95,6,0,0,0.15,0.03,0,0,0.005,141
900,333,60.765,3.7,8.5,16,0,0,0,3.9,0.95,6,0,0,0.15,0.03,0,0,0.005,211
900,294,60.765,3.7,8.5,16,0,0,0,3.9,0.95,6,0,0,0.15,0.03,0,0,0.005,334
950,265,60.765,3.7,8.5,16,0,0,0,3.9,0.95,6,0,0,0.15,0.03,0,0,0.005,104
950,245,60.765,3.7,8.5,16,0,0,0,3.9,0.95,6,0,0,0.15,0.03,0,0,0.005,84
950,235,60.765,3.7,8.5,16,0,0,0,3.9,0.95,6,0,0,0.15,0.03,0,0,0.005,137
950,196,60.765,3.7,8.5,16,0,0,0,3.9,0.95,6,0,0,0.15,0.03,0,0,0.005,346
1000,167,60.765,3.7,8.5,16,0,0,0,3.9,0.95,6,0,0,0.15,0.03,0,0,0.005,130
1000,137,60.765,3.7,8.5,16,0,0,0,3.9,0.95,6,0,0,0.15,0.03,0,0,0.005,374
1000,98,60.765,3.7,8.5,16,0,0,0,3.9,0.95,6,0,0,0.15,0.03,0,0,0.005,1085
760,620,64.185,5.95,9,4.95,1.1,0,0,1.1,0,11.7,0.1,1.4,0.3,0.15,0.025,0.025,0.015,400
760,600,64.185,5.95,9,4.95,1.1,0,0,1.1,0,11.7,0.1,1.4,0.3,0.15,0.025,0.025,0.015,1900
900,300,64.185,5.95,9,4.95,1.1,0,0,1.1,0,11.7,0.1,1.4,0.3,0.15,0.025,0.025,0.015,475
900,350,64.185,5.95,9,4.95,1.1,0,0,1.1,0,11.7,0.1,1.4,0.3,0.15,0.025,0.025,0.015,210
900,400,64.185,5.95,9,4.95,1.1,0,0,1.1,0,11.7,0.1,1.4,0.3,0.15,0.025,0.025,0.015,120
1000,190,64.185,5.95,9,4.95,1.1,0,0,1.1,0,11.7,0.1,1.4,0.3,0.15,0.025,0.025,0.015,110
1000,170,64.185,5.95,9,4.95,1.1,0,0,1.1,0,11.7,0.1,1.4,0.3,0.15,0.025,0.025,0.015,190
1000,140,64.185,5.95,9,4.95,1.1,0,0,1.1,0,11.7,0.1,1.4,0.3,0.15,0.025,0.025,0.015,490
1050,140,64.185,5.95,9,4.95,1.1,0,0,1.1,0,11.7,0.1,1.4,0.3,0.15,0.025,0.025,0.015,100
1050,120,64.185,5.95,9,4.95,1.1,0,0,1.1,0,11.7,0.1,1.4,0.3,0.15,0.025,0.025,0.015,225
1050,100,64.185,5.95,9,4.95,1.1,0,0,1.1,0,11.7,0.1,1.4,0.3,0.15,0.025,0.025,0.015,515
700,920,60.6,5.95,9,4.95,1.1,4,0,0,4,8.6,0,1.6,0,0.15,0.005,0.025,0.02,34
700,800,60.6,5.95,9,4.95,1.1,4,0,0,4,8.6,0,1.6,0,0.15,0.005,0.025,0.02,2107
760,810,60.6,5.95,9,4.95,1.1,4,0,0,4,8.6,0,1.6,0,0.15,0.005,0.025,0.02,233
760,700,60.6,5.95,9,4.95,1.1,4,0,0,4,8.6,0,1.6,0,0.15,0.005,0.025,0.02,1537
800,720,60.6,5.95,9,4.95,1.1,4,0,0,4,8.6,0,1.6,0,0.15,0.005,0.025,0.02,158
800,680,60.6,5.95,9,4.95,1.1,4,0,0,4,8.6,0,1.6,0,0.15,0.005,0.025,0.02,636
900,550,60.6,5.95,9,4.95,1.1,4,0,0,4,8.6,0,1.6,0,0.15,0.005,0.025,0.02,94
900,320,60.6,5.95,9,4.95,1.1,4,0,0,4,8.6,0,1.6,0,0.15,0.005,0.025,0.02,1584
1000,280,60.6,5.95,9,4.95,1.1,4,0,0,4,8.6,0,1.6,0,0.15,0.005,0.025,0.02,92
1000,220,60.6,5.95,9,4.95,1.1,4,0,0,4,8.6,0,1.6,0,0.15,0.005,0.025,0.02,300
1000,190,60.6,5.95,9,4.95,1.1,4,0,0,4,8.6,0,1.6,0,0.15,0.005,0.025,0.02,747
1010,260,60.6,5.95,9,4.95,1.1,4,0,0,4,8.6,0,1.6,0,0.15,0.005,0.025,0.02,101
1050,190,60.6,5.95,9,4.95,1.1,4,0,0,4,8.6,0,1.6,0,0.15,0.005,0.025,0.02,128
1050,135,60.6,5.95,9,4.95,1.1,4,0,0,4,8.6,0,1.6,0,0.15,0.005,0.025,0.02,912
1050,115,60.6,5.95,9,4.95,1.1,4,0,0,4,8.6,0,1.6,0,0.15,0.005,0.025,0.02,1865
1100,160,60.6,5.95,9,4.95,1.1,4,0,0,4,8.6,0,1.6,0,0.15,0.005,0.025,0.02,66
1100,140,60.6,5.95,9,4.95,1.1,4,0,0,4,8.6,0,1.6,0,0.15,0.005,0.025,0.02,146
1100,110,60.6,5.95,9,4.95,1.1,4,0,0,4,8.6,0,1.6,0,0.15,0.005,0.025,0.02,430
700,950,65.33,5.5,5,9,0,0,0,1.8,3,9.5,0,0.65,0.2,0.015,0,0,0.005,750
700,900,65.33,5.5,5,9,0,0,0,1.8,3,9.5,0,0.65,0.2,0.015,0,0,0.005,1000
900,450,65.33,5.5,5,9,0,0,0,1.8,3,9.5,0,0.65,0.2,0.015,0,0,0.005,100
900,420,65.33,5.5,5,9,0,0,0,1.8,3,9.5,0,0.65,0.2,0.015,0,0,0.005,168
900,400,65.33,5.5,5,9,0,0,0,1.8,3,9.5,0,0.65,0.2,0.015,0,0,0.005,220
900,380,65.33,5.5,5,9,0,0,0,1.8,3,9.5,0,0.65,0.2,0.015,0,0,0.005,239
1100,137,66.4,5.3,0,9.2,0,0,0,0,10.4,8.7,0,0,0,0,0,0,0,340
900,392,66.4,5.3,0,9.2,0,0,0,0,10.4,8.7,0,0,0,0,0,0,0,380
1100,137,60,5.1,8.2,5.2,1.9,0,0,0,8.1,11.5,0,0,0,0,0,0,0,351
900,392,60,5.1,8.2,5.2,1.9,0,0,0,8.1,11.5,0,0,0,0,0,0,0,652
1100,137,65.2,5.4,0,9,0,1.2,0,0,10,8,0,1.2,0,0,0,0,0,318
900,392,65.2,5.4,0,9,0,1.2,0,0,10,8,0,1.2,0,0,0,0,0,429
1100,137,66.4,5.4,0,9,1.2,0,0,0,10,8,0,0,0,0,0,0,0,164
900,392,66.4,5.4,0,9,1.2,0,0,0,10,8,0,0,0,0,0,0,0,304
900,392,69.4,5.4,0,9,0,1.2,0,0,5.8,8,0,1.2,0,0,0,0,0,275
900,392,70.45,5.4,0,9,0,1.2,0,0,5.8,8,0,0,0.15,0,0,0,0,252
1100,137,62.4,5.3,7.8,4.9,1.9,2.4,0,0.5,6,8.7,0.1,0,0,0,0,0,0,375
1000,245,62.4,5.3,7.8,4.9,1.9,2.4,0,0.5,6,8.7,0.1,0,0,0,0,0,0,198
900,392,62.4,5.3,7.8,4.9,1.9,2.4,0,0.5,6,8.7,0.1,0,0,0,0,0,0,584
1100,137,61.5,5.2,7.6,4.5,1.8,2.4,2,0.5,5.9,8.5,0.1,0,0,0,0,0,0,237
1000,245,61.5,5.2,7.6,4.5,1.8,2.4,2,0.5,5.9,8.5,0.1,0,0,0,0,0,0,237
900,392,61.5,5.2,7.6,4.5,1.8,2.4,2,0.5,5.9,8.5,0.1,0,0,0,0,0,0,376
1100,137,62.2,5.3,7.6,4.5,1.8,3.5,0,0.5,5.9,8.6,0.1,0,0,0,0,0,0,178
1000,245,62.2,5.3,7.6,4.5,1.8,3.5,0,0.5,5.9,8.6,0.1,0,0,0,0,0,0,221
900,392,62.2,5.3,7.6,4.5,1.8,3.5,0,0.5,5.9,8.6,0.1,0,0,0,0,0,0,872
1100,137,60.8,5.2,7.6,4.5,1.7,3.5,2,0.5,5.8,8.3,0.1,0,0,0,0,0,0,340
1000,245,60.8,5.2,7.6,4.5,1.7,3.5,2,0.5,5.8,8.3,0.1,0,0,0,0,0,0,323
900,392,60.8,5.2,7.6,4.5,1.7,3.5,2,0.5,5.8,8.3,0.1,0,0,0,0,0,0,995
1100,137,59.9,6,12,3,2,5,0,0,6,6,0.1,0,0,0,0,0,0,227
900,392,59.9,6,12,3,2,5,0,0,6,6,0.1,0,0,0,0,0,0,961
1100,137,58.3,6,12,3,2,5,1.6,0,6,6,0.1,0,0,0,0,0,0,143
1100,137,63.7,5.9,5.8,3.2,2.8,5,2,0,5.6,5.9,0.1,0,0,0,0,0,0,412
900,392,63.7,5.9,5.8,3.2,2.8,5,2,0,5.6,5.9,0.1,0,0,0,0,0,0,987
1100,137,61.7,5.7,5.8,3.2,2.9,5.8,3.6,0,5.6,5.6,0.1,0,0,0,0,0,0,722
900,392,61.7,5.7,5.8,3.2,2.9,5.8,3.6,0,5.6,5.6,0.1,0,0,0,0,0,0,1224
1100,137,61.85,5.7,5.8,2.4,2.9,5.9,3.7,0,5.7,5.5,0.1,0,0.45,0,0,0,0,387
1100,137,62.35,5.7,5.8,3.2,1.4,5.9,3.7,0,5.8,5.6,0.1,0,0.45,0,0,0,0,380
1100,137,59.2,5.8,5.8,2.9,3.9,4.9,6,0,5.6,5.8,0.1,0,0,0,0,0,0,1252
1100,137,60,5.6,5.6,2.8,2.8,6.9,5,0,5.6,5.6,0.1,0,0,0,0,0,0,964
1100,137,59.7,5.6,5.6,4.6,2.4,6.4,5,0,5.6,5,0.1,0,0,0,0,0,0,1001
900,392,59.7,5.6,5.6,4.6,2.4,6.4,5,0,5.6,5,0.1,0,0,0,0,0,0,1245
1100,137,58.8,5.9,6.5,4.6,1.1,6.4,5,0,7.6,4,0.1,0,0,0,0,0,0,1930
900,392,58.8,5.9,6.5,4.6,1.1,6.4,5,0,7.6,4,0.1,0,0,0,0,0,0,1306
1150,137,58.8,5.9,6.5,4.6,1.1,6.4,5,0,7.6,4,0.1,0,0,0,0,0,0,92
1150,137,55.8,5.9,6.5,4.6,1.1,7.4,7,0,7.6,4,0.1,0,0,0,0,0,0,270
900,392,55.8,5.9,6.5,4.6,1.1,7.4,7,0,7.6,4,0.1,0,0,0,0,0,0,544
1100,137,61.7,5.6,9,6.5,0.6,3,0,1,6.5,6,0.1,0,0,0,0,0,0,136
900,392,61.7,5.6,9,6.5,0.6,3,0,1,6.5,6,0.1,0,0,0,0,0,0,499
1100,137,69.57,5.7,3,2,0.4,6,0,0.2,8,5,0.03,0.1,0,0,0,0,0,330
1100,137,67.8,5.8,3.3,2.3,0.4,6.3,0,0.2,8.3,5.5,0,0.1,0,0,0,0,0,333
1100,137,62.5,5,5,10,0,0,0,1.5,12,4,0,0,0,0,0,0,0,14
900,392,62.5,5,5,10,0,0,0,1.5,12,4,0,0,0,0,0,0,0,82.6
1100,137,59.6,5.6,10,5,2,3,0,0,8.7,6,0.1,0,0,0,0,0,0,139
1100,137,50.5,5.6,16.5,2,2,6,3,0,8.3,6,0.1,0,0,0,0,0,0,141
1030,230,66.467,5.6,8,5.9,0.54,2.95,0,0,5.9,4.44,0.18,0,0,0.012,0,0,0.011,1
1030,230,63.268,5.67,8.1,5.54,0.53,2.98,0,1.99,6.08,5.51,0.3,0,0,0.014,0,0,0.018,36.6
1030,230,60.727,5.59,8.06,5.57,0.52,2.94,0,3.74,5.97,6.37,0.47,0,0,0.023,0,0,0.02,5.3
1030,230,63.234,5.55,8.03,5.78,1.48,2.92,0,2,6.01,4.44,0.51,0,0,0.016,0,0,0.03,36
1030,230,61.008,5.59,8.02,5.52,1.43,2.96,0,3.88,6.01,5.38,0.18,0,0,0.012,0,0,0.01,6
1030,230,63.527,5.58,7.99,5.83,1.48,2.92,0,0,5.98,6.36,0.3,0,0,0.015,0,0,0.018,37.6
1030,230,60.81,5.53,8.01,5.56,2.43,2.96,0,3.92,5.99,4.48,0.28,0,0,0.013,0,0,0.017,4.8
1030,230,63.135,5.6,8.01,5.78,2.56,2.96,0,0,5.98,5.43,0.5,0,0,0.018,0,0,0.027,44
1030,230,60.816,5.55,7.98,5.79,2.52,2.92,0,1.94,5.96,6.31,0.18,0,0,0.024,0,0,0.01,9
